product_id,image_url
6836720,https://m.media-amazon.com/images/I/71hD4Hs0xJL._SX679_.jpg
739418,https://m.media-amazon.com/images/I/71hD4Hs0xJL._SX679_.jpg
575926,https://m.media-amazon.com/images/I/71hD4Hs0xJL._SX679_.jpg
61305,https://m.media-amazon.com/images/I/51XGQO1cbYL._SX679_.jpg
465454,https://m.media-amazon.com/images/I/51XGQO1cbYL._SX679_.jpg
23694,https://m.media-amazon.com/images/I/51XGQO1cbYL._SX679_.jpg
262993,https://m.media-amazon.com/images/I/51XGQO1cbYL._SX679_.jpg
774771,https://m.media-amazon.com/images/I/71e+WnY7rML._SX522_.jpg
784422,https://m.media-amazon.com/images/I/71e+WnY7rML._SX522_.jpg
785729,https://m.media-amazon.com/images/I/51dN+G8Nu1L._SX679_.jpg
5202105,https://m.media-amazon.com/images/I/51dN+G8Nu1L._SX679_.jpg
4060531,https://m.media-amazon.com/images/I/51dN+G8Nu1L._SX679_.jpg
3446264,https://m.media-amazon.com/images/I/71-bSYY+4DL._SX679_.jpg
347361,https://m.media-amazon.com/images/I/61UMjvDNH1L._SX679_.jpg
347365,https://m.media-amazon.com/images/I/61UMjvDNH1L._SX679_.jpg
3597385,https://m.media-amazon.com/images/I/319gaIPW5vL.jpg
3597383,https://m.media-amazon.com/images/I/319gaIPW5vL.jpg
3705524,https://m.media-amazon.com/images/I/319gaIPW5vL.jpg
374233,https://m.media-amazon.com/images/I/21RUXBHsMoL._SY300_SX300_QL70_FMwebp_.jpg
3705529,https://m.media-amazon.com/images/I/21RUXBHsMoL._SY300_SX300_QL70_FMwebp_.jpg
343888,https://m.media-amazon.com/images/I/51i2zWwsDFL.jpg
277502,https://m.media-amazon.com/images/I/51i2zWwsDFL.jpg
286417,https://m.media-amazon.com/images/I/51i2zWwsDFL.jpg
248367,https://m.media-amazon.com/images/I/41-p8Vh3oWL.jpg
222623,https://m.media-amazon.com/images/I/41-p8Vh3oWL.jpg
277501,https://m.media-amazon.com/images/I/41-p8Vh3oWL.jpg
209282,https://m.media-amazon.com/images/I/313sQhc2xDL._SY300_SX300_QL70_FMwebp_.jpg
209281,https://m.media-amazon.com/images/I/313sQhc2xDL._SY300_SX300_QL70_FMwebp_.jpg
196392,https://m.media-amazon.com/images/I/71Rui04s4-L._SX679_.jpg
127349,https://m.media-amazon.com/images/I/71Rui04s4-L._SX679_.jpg
139821,https://m.media-amazon.com/images/I/71WYXGGiGoL._SX679_.jpg
1181100,https://m.media-amazon.com/images/I/41bCLZ7liEL._SY300_SX300_QL70_FMwebp_.jpg
1124808,https://m.media-amazon.com/images/I/41bCLZ7liEL._SY300_SX300_QL70_FMwebp_.jpg
1473807,https://m.media-amazon.com/images/I/61xg69jmxaL._SX679_.jpg
5525816,https://m.media-amazon.com/images/I/61xg69jmxaL._SX679_.jpg
8078,https://m.media-amazon.com/images/I/410hCcsncFL._SX679_.jpg
1066972,https://m.media-amazon.com/images/I/410hCcsncFL._SX679_.jpg
1124796,https://m.media-amazon.com/images/I/410hCcsncFL._SX679_.jpg
4586552,https://m.media-amazon.com/images/I/51YoXThZh8L._SX679_.jpg
457014,https://m.media-amazon.com/images/I/51WWgTKYUPL._SX679_.jpg
4639701,https://m.media-amazon.com/images/I/41lw3DxHzmL._SX679_.jpg
6028352,https://m.media-amazon.com/images/I/41lw3DxHzmL._SX679_.jpg
930436,https://m.media-amazon.com/images/I/410hCcsncFL._SX679_.jpg
648655,https://m.media-amazon.com/images/I/51NXnC05rkL._SX679_.jpg
648660,https://m.media-amazon.com/images/I/51NXnC05rkL._SX679_.jpg
7308001,https://m.media-amazon.com/images/I/319jvGW7BlL._SY300_SX300_QL70_FMwebp_.jpg
1017,https://m.media-amazon.com/images/I/319jvGW7BlL._SY300_SX300_QL70_FMwebp_.jpg
1139,https://m.media-amazon.com/images/I/319jvGW7BlL._SY300_SX300_QL70_FMwebp_.jpg
648648,https://m.media-amazon.com/images/I/31bvbvTYBKL._SX679_.jpg
1290,https://m.media-amazon.com/images/I/31bvbvTYBKL._SX679_.jpg
189912,https://m.media-amazon.com/images/I/31U2eU0lg6L._SX300_SY300_QL70_FMwebp_.jpg
24093,https://m.media-amazon.com/images/I/51YoXThZh8L._SX679_.jpg
1474924,https://m.media-amazon.com/images/I/512zBYEenoL._SX679_.jpg
771559,https://m.media-amazon.com/images/I/71y8sk+696L._SX679_.jpg
36379,https://m.media-amazon.com/images/I/31a7SucDnGL._SY300_SX300_QL70_FMwebp_.jpg
5612,https://m.media-amazon.com/images/I/413yzxupVTL._SX679_.jpg
64110,https://m.media-amazon.com/images/I/413yzxupVTL._SX679_.jpg
4394259,https://m.media-amazon.com/images/I/31teRTuI0dL._SY300_SX300_QL70_FMwebp_.jpg
257862,https://m.media-amazon.com/images/I/41NedQOc+wL._SY300_SX300_QL70_FMwebp_.jpg
353931,https://m.media-amazon.com/images/I/31SzkMF51QL._SY300_SX300_QL70_FMwebp_.jpg
266374,https://m.media-amazon.com/images/I/51skr2xbHkL._SX679_.jpg
18744,https://m.media-amazon.com/images/I/411G-hekKbL._SY300_SX300_QL70_FMwebp_.jpg
160488,https://m.media-amazon.com/images/I/411G-hekKbL._SY300_SX300_QL70_FMwebp_.jpg
766520,https://m.media-amazon.com/images/I/61blPrCKzmL._SX679_.jpg
766529,https://m.media-amazon.com/images/I/61blPrCKzmL._SX679_.jpg
834303,https://m.media-amazon.com/images/I/61blPrCKzmL._SX679_.jpg
692836,https://m.media-amazon.com/images/I/51e6JW2eNaL._SY300_SX300_QL70_FMwebp_.jpg
1080669,https://m.media-amazon.com/images/I/51lXh+5uTHL._SX679_.jpg
1229442,https://m.media-amazon.com/images/I/61tMI1JD0WL._SX679_.jpg
2662674,https://m.media-amazon.com/images/I/61tMI1JD0WL._SX679_.jpg
1324436,https://m.media-amazon.com/images/I/41-6XD4xDOL._SY300_SX300_QL70_FMwebp_.jpg
2809496,https://m.media-amazon.com/images/I/41UuC3QNiVL._SY300_SX300_QL70_FMwebp_.jpg
2809497,https://m.media-amazon.com/images/I/41UuC3QNiVL._SY300_SX300_QL70_FMwebp_.jpg
2783917,https://m.media-amazon.com/images/I/41sXjSVQrbL._SX679_.jpg
3621132,https://m.media-amazon.com/images/I/41sXjSVQrbL._SX679_.jpg
3621135,https://m.media-amazon.com/images/I/41sXjSVQrbL._SX679_.jpg
3772408,https://m.media-amazon.com/images/I/41sXjSVQrbL._SX679_.jpg
4518371,https://m.media-amazon.com/images/I/21IKFRgKk4L._SY300_SX300_QL70_FMwebp_.jpg
654419,https://m.media-amazon.com/images/I/51ooKtlJ5bL._SX679_.jpg
654428,https://m.media-amazon.com/images/I/61ZwL8NuAaL._SX679_.jpg
6583638,https://m.media-amazon.com/images/I/41u7Zl9ifiL._SX679_.jpg
6599374,https://m.media-amazon.com/images/I/41u7Zl9ifiL._SX679_.jpg
6599375,https://m.media-amazon.com/images/I/41u7Zl9ifiL._SX679_.jpg
573594,https://m.media-amazon.com/images/I/41GAGafgOfL._SY300_SX300_QL70_FMwebp_.jpg
573572,https://m.media-amazon.com/images/I/41+AdPyq-QL._SX679_.jpg
5722072,"https://m.media-amazon.com/images/I/415N8xrujJL._PIbundle-2,TopRight,0,0_SX593SY800SH20_.jpg"
573181,https://m.media-amazon.com/images/I/61fjYkyaI4L._SX679_.jpg
626907,https://m.media-amazon.com/images/I/61fjYkyaI4L._SX679_.jpg
6604347,https://m.media-amazon.com/images/I/512j9ETF2xL._SX679_.jpg
1135934,https://www.gosupps.com/media/catalog/product/8/1/81DvVl-25VL.jpg
1135936,https://www.silkrute.com/images/detailed/1392/618s5kx1vkL.jpg
1135937,https://www.silkrute.com/images/detailed/1392/618s5kx1vkL.jpg
4719645,https://m.media-amazon.com/images/I/51CxEI997yL._SX679_.jpg
4719644,https://m.media-amazon.com/images/I/51CxEI997yL._SX679_.jpg
456562,https://m.media-amazon.com/images/I/41HEkFef8UL._SX342_SY445_QL70_FMwebp_.jpg
5360837,https://m.media-amazon.com/images/I/41WDDh0RvVL._SY300_SX300_QL70_FMwebp_.jpg
5360838,https://m.media-amazon.com/images/I/41WDDh0RvVL._SY300_SX300_QL70_FMwebp_.jpg
594425,https://m.media-amazon.com/images/I/512j9ETF2xL._SX679_.jpg
5360840,https://m.media-amazon.com/images/I/412knggl0oL._SY300_SX300_QL70_FMwebp_.jpg
5360839,https://m.media-amazon.com/images/I/51wqZYWGr+L._SX679_.jpg
6604346,https://m.media-amazon.com/images/I/51wqZYWGr+L._SX679_.jpg
452449,https://m.media-amazon.com/images/I/41D9poKdQBL._SY300_SX300_QL70_FMwebp_.jpg
452443,https://m.media-amazon.com/images/I/51g9c5DjXpL._SX679_.jpg
452442,https://m.media-amazon.com/images/I/51g9c5DjXpL._SX679_.jpg
456560,https://m.media-amazon.com/images/I/31o5LMEMejL._SY300_SX300_QL70_FMwebp_.jpg
1290145,https://m.media-amazon.com/images/I/414rrCXihLL._SY300_SX300_QL70_FMwebp_.jpg
2659739,https://m.media-amazon.com/images/I/414rrCXihLL._SY300_SX300_QL70_FMwebp_.jpg
1290147,https://m.media-amazon.com/images/I/41NHmYzhWAL._SY300_SX300_QL70_FMwebp_.jpg
1268,https://m.media-amazon.com/images/I/31bvbvTYBKL._SX679_.jpg
684657,https://m.media-amazon.com/images/I/61moPB8PnNL._SX679_.jpg
68508,https://m.media-amazon.com/images/I/31U2eU0lg6L._SX300_SY300_QL70_FMwebp_.jpg
1044490,https://images.ctfassets.net/mri7fdzlxw7c/2DxU96kuH3VZJGQUBtavzY/be5cd9aaad3a76511aaf127cb72ee41b/04902430669535_C1N1_AAI.jpg?fm=webp&q=70
44879,https://m.media-amazon.com/images/I/51YoXThZh8L._SX679_.jpg
1044491,https://images.ctfassets.net/mri7fdzlxw7c/7KIlKuMtJnAmFRBLfNqGeR/6d917f683f433bd59dfe404b223614d5/04987176162670_C1N1_AAI.jpg?fm=webp&q=70
1044492,https://images.ctfassets.net/mri7fdzlxw7c/7KIlKuMtJnAmFRBLfNqGeR/6d917f683f433bd59dfe404b223614d5/04987176162670_C1N1_AAI.jpg?fm=webp&q=70
4633369,https://m.media-amazon.com/images/I/410mFikNheL._SX679_.jpg
1135935,https://www.sharjahcoop.ae/medias/1200Wx1200H-00000-8001090862273-002.jpg?context=bWFzdGVyfGltYWdlc3wyMjM3NDl8aW1hZ2UvanBlZ3xhREUzTDJnMk5DOHhNREF6T0RnMk9Ea3pORFk0Tmk4eE1qQXdWM2d4TWpBd1NGOHdNREF3TUY4NE1EQXhNRGt3T0RZeU1qY3pYekF3TWk1cWNHY3wyN2EwOWRiZjNhZDVmMjIxMWQwOGM2ZGYxZGRjM2JlN2NhZGNlNWU2YjIxZWE3NDZiNTA3MTVmMTJiMzFiNmI5
1010793,https://down-vn.img.susercontent.com/file/48aea6f947de494fcd3bb20026f34021.webp
1129386,https://m.media-amazon.com/images/I/51lXh+5uTHL._SX679_.jpg
2809493,https://m.media-amazon.com/images/I/41UuC3QNiVL._SY300_SX300_QL70_FMwebp_.jpg
2809492,https://m.media-amazon.com/images/I/41UuC3QNiVL._SY300_SX300_QL70_FMwebp_.jpg
5093150,https://m.media-amazon.com/images/I/31mB+cy9v9L._SY300_SX300_QL70_FMwebp_.jpg
6599370,https://m.media-amazon.com/images/I/41u7Zl9ifiL._SX679_.jpg
692818,https://m.media-amazon.com/images/I/41GAGafgOfL._SY300_SX300_QL70_FMwebp_.jpg
681194,https://m.media-amazon.com/images/I/51NXnC05rkL._SX679_.jpg
6565374,https://m.media-amazon.com/images/I/41lw3DxHzmL._SX679_.jpg
14410,https://m.media-amazon.com/images/I/512zBYEenoL._SX679_.jpg
479,https://m.media-amazon.com/images/I/31a7SucDnGL._SY300_SX300_QL70_FMwebp_.jpg
435111,https://m.media-amazon.com/images/I/41NedQOc+wL._SY300_SX300_QL70_FMwebp_.jpg
301196,https://m.media-amazon.com/images/I/51P8vRYnN9L._SX679_.jpg
139993,https://m.media-amazon.com/images/I/51e6JW2eNaL._SY300_SX300_QL70_FMwebp_.jpg
598027,"https://m.media-amazon.com/images/I/415N8xrujJL._PIbundle-2,TopRight,0,0_SX593SY800SH20_.jpg"
2783911,https://m.media-amazon.com/images/I/51CxEI997yL._SX679_.jpg
456563,https://m.media-amazon.com/images/I/41HEkFef8UL._SX342_SY445_QL70_FMwebp_.jpg
452448,https://m.media-amazon.com/images/I/41D9poKdQBL._SY300_SX300_QL70_FMwebp_.jpg
456559,https://m.media-amazon.com/images/I/31o5LMEMejL._SY300_SX300_QL70_FMwebp_.jpg
3753166,https://m.media-amazon.com/images/I/41NHmYzhWAL._SY300_SX300_QL70_FMwebp_.jpg
3446266,https://m.media-amazon.com/images/I/71-bSYY+4DL._SX679_.jpg
3446267,https://m.media-amazon.com/images/I/71-bSYY+4DL._SX679_.jpg
3445858,https://m.media-amazon.com/images/I/319gaIPW5vL.jpg
3652978,https://m.media-amazon.com/images/I/21RUXBHsMoL._SY300_SX300_QL70_FMwebp_.jpg
315084,https://m.media-amazon.com/images/I/51i2zWwsDFL.jpg
315082,https://m.media-amazon.com/images/I/51i2zWwsDFL.jpg
220091,https://m.media-amazon.com/images/I/313sQhc2xDL._SY300_SX300_QL70_FMwebp_.jpg
139814,https://m.media-amazon.com/images/I/71WYXGGiGoL._SX679_.jpg
822104,https://m.media-amazon.com/images/I/61xg69jmxaL._SX679_.jpg
781070,https://m.media-amazon.com/images/I/71hD4Hs0xJL._SX679_.jpg
60541,https://m.media-amazon.com/images/I/51XGQO1cbYL._SX679_.jpg
784419,https://m.media-amazon.com/images/I/71e+WnY7rML._SX522_.jpg
4060539,https://m.media-amazon.com/images/I/51dN+G8Nu1L._SX679_.jpg
